reporting_airline,operated_flights,delayed_departure_15_flights,delay_rate,expected_delayed_flights,observed_to_expected_ratio,crude_rank,adjusted_rank
EV,819223,230689,0.2816,165686.2991,1.3923,1,1
MQ,1520162,352450,0.2319,306006.666,1.1518,2,2
AA,1836848,421120,0.2293,371425.646,1.1338,3,3
UA,1406817,317803,0.2259,282334.284,1.1256,4,4
OH,689489,150917,0.2189,140965.7374,1.0706,7,5
B6,535699,118591,0.2214,110787.2441,1.0704,5,6
YV,824006,181836,0.2207,170542.6602,1.0662,6,7
CO,922693,194198,0.2105,184758.0031,1.0511,8,8
AS,463559,96411,0.208,95953.3357,1.0048,10,9
WN,3438613,719230,0.2092,716251.5503,1.0042,9,10
XE,1220245,245565,0.2012,246090.3006,0.9979,11,11
FL,755709,150631,0.1993,157041.8202,0.9592,12,12
US,1422845,263816,0.1854,292180.7196,0.9029,13,13
OO,1673682,298674,0.1785,340515.0587,0.8771,14,14
DL,1412877,239256,0.1693,285980.5933,0.8366,16,15
NW,1179484,199494,0.1691,239947.7382,0.8314,17,16
F9,282100,47891,0.1698,58176.3309,0.8232,15,17
9E,506020,77928,0.154,104794.0865,0.7436,18,18
HA,169113,8066,0.0477,34052.5105,0.2369,19,19
