scheduled_departure_hour,operated_flights,delayed_departure_15_flights,delay_rate
0,27936,4499,0.161
1,10890,1789,0.1643
2,2682,349,0.1301
3,1163,286,0.2459
4,2240,290,0.1295
5,134690,8018,0.0595
6,1477488,92846,0.0628
7,1460561,123254,0.0844
8,1469128,162486,0.1106
9,1383927,190213,0.1374
10,1347549,218235,0.1619
11,1396135,247595,0.1773
12,1328972,259957,0.1956
13,1374703,298747,0.2173
14,1322080,312963,0.2367
15,1286299,328925,0.2557
16,1351682,363937,0.2692
17,1416039,407044,0.2875
18,1261521,374755,0.2971
19,1210173,368607,0.3046
20,837079,267606,0.3197
21,708382,204753,0.289
22,261083,61341,0.2349
23,114529,26458,0.231
